<?xml version="1.0" encoding="iso-8859-1"?>
<?xml-stylesheet href="../../make-menu.xsl" type="text/xsl"?><html>
   <head>
      <this-is section="configuration" page="configuration-file" subpage="config-resources"/>
      <!--
           Generated at 2010-10-29T18:20:48.427+01:00--><title>Saxonica: XSLT and XQuery Processing: The &lt;resources&gt; element</title>
      <meta name="coverage" content="Worldwide"/>
      <meta name="copyright" content="Copyright Saxonica Ltd"/>
      <meta name="title"
            content="Saxonica: XSLT and XQuery Processing: The &lt;resources&gt; element"/>
      <meta name="robots" content="noindex,nofollow"/>
      <link rel="stylesheet" href="../../saxondocs.css" type="text/css"/>
   </head>
   <body class="main">
      <h1>The &lt;resources&gt; element</h1>
      <p>The <code>resources</code> element in the configuration file defines a number of resources that can be
preloaded into the configuration. It contains child elements as detailed below, in any order; most of them
can appear more than once.</p>
      <table>
         <thead>
            <tr>
               <td content="para">
                  <p>
                     <b>Element</b>
                  </p>
               </td>
               <td content="para">
                  <p>
                     <b>Values</b>
                  </p>
               </td>
               <td content="para">
                  <p>
                     <b>Effect</b>
                  </p>
               </td>
            </tr>
         </thead>
         <tbody>
            <tr>
               <td content="para">
                  <p>externalObjectModel</p>
               </td>
               <td content="para">
                  <p>Class that implements the ExternalObjectModel interface</p>
               </td>
               <td content="para">
                  <p>Defines an external object model that can be used to provide input to Saxon (and in some
cases receive output): for example DOM, JDOM, XOM, etc.</p>
               </td>
            </tr>
            <tr>
               <td content="para">
                  <p>extensionFunction</p>
               </td>
               <td content="para">
                  <p>Class that implements the IntegratedFunction interface</p>
               </td>
               <td content="para">
                  <p>Defines an "integrated extension function" written to a specific Saxon API</p>
               </td>
            </tr>
            <tr>
               <td content="para">
                  <p>schemaDocument</p>
               </td>
               <td content="para">
                  <p>relative or absolute URI</p>
               </td>
               <td content="para">
                  <p>A schema document to be preloaded into the Saxon schema cache</p>
               </td>
            </tr>
            <tr>
               <td content="para">
                  <p>schemaComponentModel</p>
               </td>
               <td content="para">
                  <p>relative or absolute URI</p>
               </td>
               <td content="para">
                  <p>A schema component model document (previously exported by Saxon) allowing
fast loading of a compiled schema</p>
               </td>
            </tr>
            <tr>
               <td content="para">
                  <p/>
               </td>
               <td content="para">
                  <p/>
               </td>
               <td content="para">
                  <p/>
               </td>
            </tr>
         </tbody>
      </table>
      <table width="100%">
         <tr>
            <td>
               <p align="right"><a class="nav" href="config-collations.xml">Next</a></p>
            </td>
         </tr>
      </table>
   </body>
</html>