<?xml version="1.0" encoding="iso-8859-1"?>
<?xml-stylesheet href="../make-menu.xsl" type="text/xsl"?><html>
   <head>
      <this-is section="extensibility" page="converting-args.net" subpage=""/>
      <!--
           Generated at 2010-10-29T18:20:48.427+01:00--><title>Saxonica: XSLT and XQuery Processing: Converting Arguments to .NET Extension Functions</title>
      <meta name="coverage" content="Worldwide"/>
      <meta name="copyright" content="Copyright Saxonica Ltd"/>
      <meta name="title"
            content="Saxonica: XSLT and XQuery Processing: Converting Arguments to .NET Extension Functions"/>
      <meta name="robots" content="noindex,nofollow"/>
      <link rel="stylesheet" href="../saxondocs.css" type="text/css"/>
   </head>
   <body class="main">
      <h1>Converting Arguments to .NET Extension Functions</h1>
      <p>This section describes how XPath values supplied in a call to a .NET extension function are converted to
.NET values.</p>
      <ul>
         <li>
            <p><a class="bodylink" href="converting-args.net/converting-atomic.net.xml">Converting Atomic Values and Sequences</a></p>
         </li>
         <li>
            <p><a class="bodylink" href="converting-args.net/converting-node.net.xml">Converting Nodes and Sequences of Nodes</a></p>
         </li>
         <li>
            <p><a class="bodylink" href="converting-args.net/converting-wrapped-dotnet.xml">Converting Wrapped .NET Objects</a></p>
         </li>
      </ul>
      <table width="100%">
         <tr>
            <td>
               <p align="right"><a class="nav" href="converting-args.net/converting-atomic.net.xml">Next</a></p>
            </td>
         </tr>
      </table>
   </body>
</html>