<?xml version="1.0" encoding="iso-8859-1"?>
<?xml-stylesheet href="../make-menu.xsl" type="text/xsl"?><html>
   <head>
      <this-is section="changes" page="intro92" subpage=""/>
      <!--
           Generated at 2010-10-29T18:20:48.427+01:00--><title>Saxonica: XSLT and XQuery Processing: Version 9.2 (2009-08-05)</title>
      <meta name="coverage" content="Worldwide"/>
      <meta name="copyright" content="Copyright Saxonica Ltd"/>
      <meta name="title"
            content="Saxonica: XSLT and XQuery Processing: Version 9.2 (2009-08-05)"/>
      <meta name="robots" content="noindex,nofollow"/>
      <link rel="stylesheet" href="../saxondocs.css" type="text/css"/>
   </head>
   <body class="main">
      <h1>Version 9.2 (2009-08-05)</h1>
      <div class="boxed"
           style="border: solid thin; background-color: #B1CCC7; padding: 2px">Note that Saxon 9.2 requires J2SE 5 or later. It no longer works with JDK 1.4</div>
      <div class="boxed"
           style="border: solid thin; background-color: #B1CCC7; padding: 2px">Note in particular the packaging changes. Saxon now comes in three editions: Home Edition,
Professional Edition, and Enterprise Edition.</div>
      <ul>
         <li>
            <p><a class="bodylink" href="intro92/highlights92.xml">Highlights</a></p>
         </li>
         <li>
            <p><a class="bodylink" href="intro92/install92.xml">Installation and Licensing</a></p>
         </li>
         <li>
            <p><a class="bodylink" href="intro92/s9api92.xml">S9API interface</a></p>
         </li>
         <li>
            <p><a class="bodylink" href="intro92/dotnet92.xml">Saxon on .NET</a></p>
         </li>
         <li>
            <p><a class="bodylink" href="intro92/xslt92.xml">XSLT</a></p>
         </li>
         <li>
            <p><a class="bodylink" href="intro92/xquery1092.xml">XQuery 1.0</a></p>
         </li>
         <li>
            <p><a class="bodylink" href="intro92/updates92.xml">XQuery Updates</a></p>
         </li>
         <li>
            <p><a class="bodylink" href="intro92/xquery1192.xml">XQuery 1.1</a></p>
         </li>
         <li>
            <p><a class="bodylink" href="intro92/xsd92.xml">XML Schema</a></p>
         </li>
         <li>
            <p><a class="bodylink" href="intro92/streaming92.xml">Streaming</a></p>
         </li>
         <li>
            <p><a class="bodylink" href="intro92/functions92.xml">Functions and Operators</a></p>
         </li>
         <li>
            <p><a class="bodylink" href="intro92/parsing92.xml">XML Parsing and Serialization</a></p>
         </li>
         <li>
            <p><a class="bodylink" href="intro92/models92.xml">External Object Models</a></p>
         </li>
         <li>
            <p><a class="bodylink" href="intro92/extensibility92.xml">Extensibility</a></p>
         </li>
         <li>
            <p><a class="bodylink" href="intro92/extensions92.xml">Extensions</a></p>
         </li>
         <li>
            <p><a class="bodylink" href="intro92/optimization92.xml">Optimizations</a></p>
         </li>
         <li>
            <p><a class="bodylink" href="intro92/internals92.xml">Internals</a></p>
         </li>
      </ul>
      <table width="100%">
         <tr>
            <td>
               <p align="right"><a class="nav" href="intro92/highlights92.xml">Next</a></p>
            </td>
         </tr>
      </table>
   </body>
</html>