<?xml version="1.0" encoding="iso-8859-1"?>
<?xml-stylesheet href="../make-menu.xsl" type="text/xsl"?><html>
   <head>
      <this-is section="changes" page="s90" subpage=""/>
      <!--
           Generated at 2010-10-29T18:20:48.427+01:00--><title>Saxonica: XSLT and XQuery Processing: Version 9.0 (2007-11-03)</title>
      <meta name="coverage" content="Worldwide"/>
      <meta name="copyright" content="Copyright Saxonica Ltd"/>
      <meta name="title"
            content="Saxonica: XSLT and XQuery Processing: Version 9.0 (2007-11-03)"/>
      <meta name="robots" content="noindex,nofollow"/>
      <link rel="stylesheet" href="../saxondocs.css" type="text/css"/>
   </head>
   <body class="main">
      <h1>Version 9.0 (2007-11-03)</h1>
      <ul>
         <li>
            <p><a class="bodylink" href="s90/highlights90.xml">Highlights</a></p>
         </li>
         <li>
            <p><a class="bodylink" href="s90/s9api90.xml">New Java API</a></p>
         </li>
         <li>
            <p><a class="bodylink" href="s90/commandline90.xml">Command line changes</a></p>
         </li>
         <li>
            <p><a class="bodylink" href="s90/xslt90.xml">XSLT changes</a></p>
         </li>
         <li>
            <p><a class="bodylink" href="s90/xpath90.xml">XPath changes</a></p>
         </li>
         <li>
            <p><a class="bodylink" href="s90/extensions90.xml">Extensions</a></p>
         </li>
         <li>
            <p><a class="bodylink" href="s90/schema90.xml">Schema-related changes</a></p>
         </li>
         <li>
            <p><a class="bodylink" href="s90/oldapi90.xml">Changes to existing APIs</a></p>
         </li>
         <li>
            <p><a class="bodylink" href="s90/pull90.xml">Pull processing in Java</a></p>
         </li>
         <li>
            <p><a class="bodylink" href="s90/serialization90.xml">Serialization</a></p>
         </li>
         <li>
            <p><a class="bodylink" href="s90/localization90.xml">Localization</a></p>
         </li>
         <li>
            <p><a class="bodylink" href="s90/optimization90.xml">Optimization</a></p>
         </li>
         <li>
            <p><a class="bodylink" href="s90/diagnostics90.xml">Diagnostics</a></p>
         </li>
         <li>
            <p><a class="bodylink" href="s90/namepool90.xml">NamePool changes</a></p>
         </li>
         <li>
            <p><a class="bodylink" href="s90/expressiontree90.xml">Expression tree changes</a></p>
         </li>
      </ul>
      <table width="100%">
         <tr>
            <td>
               <p align="right"><a class="nav" href="s90/highlights90.xml">Next</a></p>
            </td>
         </tr>
      </table>
   </body>
</html>