<?xml version="1.0" encoding="iso-8859-1"?>
<?xml-stylesheet href="../../make-menu.xsl" type="text/xsl"?><html>
   <head>
      <this-is section="functions" page="intro" subpage="available-environment-variables"/>
      <!--
           Generated at 2010-10-29T18:20:48.427+01:00--><title>Saxonica: XSLT and XQuery Processing: available-environment-variables</title>
      <meta name="coverage" content="Worldwide"/>
      <meta name="copyright" content="Copyright Saxonica Ltd"/>
      <meta name="title"
            content="Saxonica: XSLT and XQuery Processing: available-environment-variables"/>
      <meta name="robots" content="noindex,nofollow"/>
      <link rel="stylesheet" href="../../saxondocs.css" type="text/css"/>
   </head>
   <body class="main">
      <h1>available-environment-variables</h1>
      <p>Returns a list of environment variable names that are suitable for
         passing to <code>get-environment-variable()</code>, as a (possibly empty) sequence of
         strings.</p>
      <p class="subhead">available-environment-variables() &#8594; xs:string*</p>
      <table>
         <tr>
            <td width="470" align="left" colspan="4" style="border-top:solid 1px #3D5B96; ">
               <p>
                     <i>There are no arguments</i>
                  </p>
            </td>
         </tr>
         <tr>
            <td colspan="2"
                style="border-top:solid 1px #3D5B96; border-bottom:solid 1px #3D5B96;">
               <p>
                     <i>Result</i>
                  </p>
            </td>
            <td style="border-top:solid 1px #3D5B96; border-bottom:solid 1px #3D5B96;"
                colspan="2">
               <p>xs:string*</p>
            </td>
         </tr>
      </table>
      <p class="subhead">Links to W3C specifications</p>
      <p>Namespace: http://www.w3.org/2005/xpath-functions</p>
      <p>Applies to: XPath 3.0, XSLT 3.0, XQuery 3.0 (if enabled in Saxon: requires Saxon-PE or Saxon-EE)</p>
      <p>
            <a href="http://www.w3.org/TR/xpath-functions-11/#func-available-environment-variables"
            class="bodylink">XPath 3.0 Specification</a>
         </p>
      <p class="subhead">Notes on the Saxon implementation</p>
      <p>The function is fully implemented according to the W3C specifications.</p>
      <table width="100%">
         <tr>
            <td>
               <p align="right"><a class="nav" href="avg.xml">Next</a></p>
            </td>
         </tr>
      </table>
   </body>
</html>