<?xml version="1.0" encoding="iso-8859-1"?>
<?xml-stylesheet href="../../make-menu.xsl" type="text/xsl"?><html>
   <head>
      <this-is section="functions" page="intro" subpage="data"/>
      <!--
           Generated at 2010-10-29T18:20:48.427+01:00--><title>Saxonica: XSLT and XQuery Processing: data</title>
      <meta name="coverage" content="Worldwide"/>
      <meta name="copyright" content="Copyright Saxonica Ltd"/>
      <meta name="title" content="Saxonica: XSLT and XQuery Processing: data"/>
      <meta name="robots" content="noindex,nofollow"/>
      <link rel="stylesheet" href="../../saxondocs.css" type="text/css"/>
   </head>
   <body class="main">
      <h1>data</h1>
      <p>Returns the result of atomizing the supplied sequence</p>
      <p class="subhead">data() &#8594; xs:anyAtomicType*</p>
      <p>Returns the result of atomizing the context item. New in XPath 3.0</p>
      <table>
         <tr>
            <td width="470" align="left" colspan="4" style="border-top:solid 1px #3D5B96; ">
               <p>
                     <i>There are no arguments</i>
                  </p>
            </td>
         </tr>
         <tr>
            <td colspan="2"
                style="border-top:solid 1px #3D5B96; border-bottom:solid 1px #3D5B96;">
               <p>
                     <i>Result</i>
                  </p>
            </td>
            <td style="border-top:solid 1px #3D5B96; border-bottom:solid 1px #3D5B96;"
                colspan="2">
               <p>xs:anyAtomicType*</p>
            </td>
         </tr>
      </table>
      <p>Applies to: XPath 3.0, XSLT 3.0, XQuery 3.0 (if enabled in Saxon: requires Saxon-PE or Saxon-EE)</p>
      <p>
            <a href="http://www.w3.org/TR/xpath-functions-11/#func-data" class="bodylink">XPath 3.0 Specification</a>
         </p>
      <p class="subhead">data($arg as item()*) &#8594; xs:anyAtomicType*</p>
      <table>
         <tr>
            <td width="470" align="left" colspan="4" style="border-top:solid 1px #3D5B96; ">
               <p>
                     <i>Arguments</i>
                  </p>
            </td>
         </tr>
         <tr>
            <td width="40">
               <p>�</p>
            </td>
            <td width="80" valign="top">
               <p>$arg</p>
            </td>
            <td valign="top" width="150">
               <p>item()*</p>
            </td>
            <td valign="top" width="200">
               <p>The value to be atomized</p>
            </td>
         </tr>
         <tr>
            <td colspan="2"
                style="border-top:solid 1px #3D5B96; border-bottom:solid 1px #3D5B96;">
               <p>
                     <i>Result</i>
                  </p>
            </td>
            <td style="border-top:solid 1px #3D5B96; border-bottom:solid 1px #3D5B96;"
                colspan="2">
               <p>xs:anyAtomicType*</p>
            </td>
         </tr>
      </table>
      <p>Applies to: XPath 2.0, XSLT 2.0, XQuery 1.0 and later versions</p>
      <p>
            <a href="http://www.w3.org/TR/xpath-functions/#func-data" class="bodylink">XPath 2.0 Specification</a>
         </p>
      <p>
            <a href="http://www.w3.org/TR/xpath-functions-11/#func-data" class="bodylink">XPath 3.0 Specification</a>
         </p>
      <p class="subhead">Notes on the Saxon implementation</p>
      <p>The zero-argument version of this function is newly implemented in Saxon 9.3, and available only if XPath 3.0 support is enabled.</p>
      <table width="100%">
         <tr>
            <td>
               <p align="right"><a class="nav" href="dateTime.xml">Next</a></p>
            </td>
         </tr>
      </table>
   </body>
</html>