<?xml version="1.0" encoding="iso-8859-1"?>
<?xml-stylesheet href="../../make-menu.xsl" type="text/xsl"?><html>
   <head>
      <this-is section="functions" page="intro" subpage="doc-available"/>
      <!--
           Generated at 2010-10-29T18:20:48.427+01:00--><title>Saxonica: XSLT and XQuery Processing: doc-available</title>
      <meta name="coverage" content="Worldwide"/>
      <meta name="copyright" content="Copyright Saxonica Ltd"/>
      <meta name="title" content="Saxonica: XSLT and XQuery Processing: doc-available"/>
      <meta name="robots" content="noindex,nofollow"/>
      <link rel="stylesheet" href="../../saxondocs.css" type="text/css"/>
   </head>
   <body class="main">
      <h1>doc-available</h1>
      <p>Returns true if a document with the given URI can be successfully loaded, false otherwise.</p>
      <p class="subhead">doc-available($uri as xs:string?) &#8594; xs:boolean</p>
      <table>
         <tr>
            <td width="470" align="left" colspan="4" style="border-top:solid 1px #3D5B96; ">
               <p>
                     <i>Arguments</i>
                  </p>
            </td>
         </tr>
         <tr>
            <td width="40">
               <p>�</p>
            </td>
            <td width="80" valign="top">
               <p>$uri</p>
            </td>
            <td valign="top" width="150">
               <p>xs:string?</p>
            </td>
            <td valign="top" width="200">
               <p>The URI of the required document (relative to the static base URI)</p>
            </td>
         </tr>
         <tr>
            <td colspan="2"
                style="border-top:solid 1px #3D5B96; border-bottom:solid 1px #3D5B96;">
               <p>
                     <i>Result</i>
                  </p>
            </td>
            <td style="border-top:solid 1px #3D5B96; border-bottom:solid 1px #3D5B96;"
                colspan="2">
               <p>xs:boolean</p>
            </td>
         </tr>
      </table>
      <p class="subhead">Links to W3C specifications</p>
      <p>Namespace: http://www.w3.org/2005/xpath-functions</p>
      <p>Applies to: XPath 2.0, XSLT 2.0, XQuery 1.0 and later versions</p>
      <p>
            <a href="http://www.w3.org/TR/xpath-functions/#func-doc-available"
            class="bodylink">XPath 2.0 Specification</a>
         </p>
      <p>
            <a href="http://www.w3.org/TR/xpath-functions-11/#func-doc-available"
            class="bodylink">XPath 3.0 Specification</a>
         </p>
      <p class="subhead">Notes on the Saxon implementation</p>
      <p>Saxon effectively executes the <code>doc()</code> function and returns true if it succeeded; as a side-effect,
      the document will be available in memory for use when the <code>doc()</code> function is subsequently called with this URI.</p>
      <p>A user-supplied URIResolver is invoked in the same way as for the <code>doc()</code> function.</p>
      <table width="100%">
         <tr>
            <td>
               <p align="right"><a class="nav" href="document.xml">Next</a></p>
            </td>
         </tr>
      </table>
   </body>
</html>