<?xml version="1.0" encoding="iso-8859-1"?>
<?xml-stylesheet href="../../make-menu.xsl" type="text/xsl"?><html>
   <head>
      <this-is section="functions" page="intro" subpage="remove"/>
      <!--
           Generated at 2010-10-29T18:20:48.427+01:00--><title>Saxonica: XSLT and XQuery Processing: remove</title>
      <meta name="coverage" content="Worldwide"/>
      <meta name="copyright" content="Copyright Saxonica Ltd"/>
      <meta name="title" content="Saxonica: XSLT and XQuery Processing: remove"/>
      <meta name="robots" content="noindex,nofollow"/>
      <link rel="stylesheet" href="../../saxondocs.css" type="text/css"/>
   </head>
   <body class="main">
      <h1>remove</h1>
      <p>Removes the item at a given position in a sequence</p>
      <p class="subhead">remove($target as item()*, $position as xs:integer) &#8594; item()*</p>
      <table>
         <tr>
            <td width="470" align="left" colspan="4" style="border-top:solid 1px #3D5B96; ">
               <p>
                     <i>Arguments</i>
                  </p>
            </td>
         </tr>
         <tr>
            <td width="40">
               <p>�</p>
            </td>
            <td width="80" valign="top">
               <p>$target</p>
            </td>
            <td valign="top" width="150">
               <p>item()*</p>
            </td>
            <td valign="top" width="200">
               <p>The input sequence, from which an item is to be removed</p>
            </td>
         </tr>
         <tr>
            <td width="40">
               <p>�</p>
            </td>
            <td width="80" valign="top">
               <p>$position</p>
            </td>
            <td valign="top" width="150">
               <p>xs:integer</p>
            </td>
            <td valign="top" width="200">
               <p>The position of the item to be removed</p>
            </td>
         </tr>
         <tr>
            <td colspan="2"
                style="border-top:solid 1px #3D5B96; border-bottom:solid 1px #3D5B96;">
               <p>
                     <i>Result</i>
                  </p>
            </td>
            <td style="border-top:solid 1px #3D5B96; border-bottom:solid 1px #3D5B96;"
                colspan="2">
               <p>item()*</p>
            </td>
         </tr>
      </table>
      <p class="subhead">Links to W3C specifications</p>
      <p>Namespace: http://www.w3.org/2005/xpath-functions</p>
      <p>Applies to: XPath 2.0, XSLT 2.0, XQuery 1.0 and later versions</p>
      <p>
            <a href="http://www.w3.org/TR/xpath-functions/#func-remove" class="bodylink">XPath 2.0 Specification</a>
         </p>
      <p>
            <a href="http://www.w3.org/TR/xpath-functions-11/#func-remove" class="bodylink">XPath 3.0 Specification</a>
         </p>
      <p class="subhead">Notes on the Saxon implementation</p>
      <p>The function is fully implemented according to the W3C specifications.</p>
      <table width="100%">
         <tr>
            <td>
               <p align="right"><a class="nav" href="replace.xml">Next</a></p>
            </td>
         </tr>
      </table>
   </body>
</html>