<?xml version="1.0" encoding="iso-8859-1"?>
<?xml-stylesheet href="../../make-menu.xsl" type="text/xsl"?><html>
   <head>
      <this-is section="functions" page="intro" subpage="trace"/>
      <!--
           Generated at 2010-10-29T18:20:48.427+01:00--><title>Saxonica: XSLT and XQuery Processing: trace</title>
      <meta name="coverage" content="Worldwide"/>
      <meta name="copyright" content="Copyright Saxonica Ltd"/>
      <meta name="title" content="Saxonica: XSLT and XQuery Processing: trace"/>
      <meta name="robots" content="noindex,nofollow"/>
      <link rel="stylesheet" href="../../saxondocs.css" type="text/css"/>
   </head>
   <body class="main">
      <h1>trace</h1>
      <p>Returns the value of the first argument after outputting a diagnostic message</p>
      <p class="subhead">trace($value as item()*, $label as xs:string) &#8594; item()*</p>
      <table>
         <tr>
            <td width="470" align="left" colspan="4" style="border-top:solid 1px #3D5B96; ">
               <p>
                     <i>Arguments</i>
                  </p>
            </td>
         </tr>
         <tr>
            <td width="40">
               <p>�</p>
            </td>
            <td width="80" valign="top">
               <p>$value</p>
            </td>
            <td valign="top" width="150">
               <p>item()*</p>
            </td>
            <td valign="top" width="200">
               <p>The value to be traced, and to be returned as the function result</p>
            </td>
         </tr>
         <tr>
            <td width="40">
               <p>�</p>
            </td>
            <td width="80" valign="top">
               <p>$label</p>
            </td>
            <td valign="top" width="150">
               <p>xs:string</p>
            </td>
            <td valign="top" width="200">
               <p>Label to be included in the trace output</p>
            </td>
         </tr>
         <tr>
            <td colspan="2"
                style="border-top:solid 1px #3D5B96; border-bottom:solid 1px #3D5B96;">
               <p>
                     <i>Result</i>
                  </p>
            </td>
            <td style="border-top:solid 1px #3D5B96; border-bottom:solid 1px #3D5B96;"
                colspan="2">
               <p>item()*</p>
            </td>
         </tr>
      </table>
      <p class="subhead">Links to W3C specifications</p>
      <p>Namespace: http://www.w3.org/2005/xpath-functions</p>
      <p>Applies to: XPath 2.0, XSLT 2.0, XQuery 1.0 and later versions</p>
      <p>
            <a href="http://www.w3.org/TR/xpath-functions/#func-trace" class="bodylink">XPath 2.0 Specification</a>
         </p>
      <p>
            <a href="http://www.w3.org/TR/xpath-functions-11/#func-trace" class="bodylink">XPath 3.0 Specification</a>
         </p>
      <p class="subhead">Notes on the Saxon implementation</p>
      <p>Saxon by default outputs trace messages to <code>System.err</code>. However, the output may be redirected to a
         <code>TraceListener</code> or to an alternative output destination.</p>
      <p>The Saxon implementation outputs the value of each item in a sequence as it is evaluated (except
    when the sequence is empty, in which case it outputs "empty sequence" at the start). Atomic values are
    output by converting them to a string, nodes by calling getPath() to generate a path expression to the node.
    With complex expressions the order of evaluation may be rather different from the expected order.</p>
      <p>The
    trace output is directed to <code>System.err</code>, this may be redirected by using "2&gt;log.txt" on the command line.
    If a TraceListener has been nominated, then instead of writing the output to <code>System.err</code>, the information
    instead results in events being notified to the TraceListener.</p>
      <table width="100%">
         <tr>
            <td>
               <p align="right"><a class="nav" href="translate.xml">Next</a></p>
            </td>
         </tr>
      </table>
   </body>
</html>