<?xml version="1.0" encoding="iso-8859-1"?>
<?xml-stylesheet href="../make-menu.xsl" type="text/xsl"?><html>
   <head>
      <this-is section="index-entries" page="_-" subpage=""/>
      <!--
           Generated at 2010-10-29T18:20:48.427+01:00--><title>Saxonica: XSLT and XQuery Processing: -</title>
      <meta name="coverage" content="Worldwide"/>
      <meta name="copyright" content="Copyright Saxonica Ltd"/>
      <meta name="title" content="Saxonica: XSLT and XQuery Processing: -"/>
      <meta name="robots" content="noindex,nofollow"/>
      <link rel="stylesheet" href="../saxondocs.css" type="text/css"/>
   </head>
   <body class="main">
      <h1>-</h1>
      <p class="subhead">-</p>
      <p>
         <a class="bodylink"
            href="../extensibility/converting-args/converting-arguments.xml">Converting Method Arguments - General Rules</a>
      </p>
      <table width="100%">
         <tr>
            <td>
               <p align="right"><a class="nav" href="_..xml">Next</a></p>
            </td>
         </tr>
      </table>
   </body>
</html>