<?xml version="1.0" encoding="iso-8859-1"?>
<?xml-stylesheet href="../make-menu.xsl" type="text/xsl"?><html>
   <head>
      <this-is section="index-entries" page="_." subpage=""/>
      <!--
           Generated at 2010-10-29T18:20:48.427+01:00--><title>Saxonica: XSLT and XQuery Processing: .</title>
      <meta name="coverage" content="Worldwide"/>
      <meta name="copyright" content="Copyright Saxonica Ltd"/>
      <meta name="title" content="Saxonica: XSLT and XQuery Processing: ."/>
      <meta name="robots" content="noindex,nofollow"/>
      <link rel="stylesheet" href="../saxondocs.css" type="text/css"/>
   </head>
   <body class="main">
      <h1>.</h1>
      <p class="subhead">.NET</p>
      <p>
         <a class="bodylink" href="../extensibility/integratedfunctions.xml">.NET</a>
      </p>
      <p>
         <a class="bodylink" href="../extensibility/dotnetextensions/constructors.net.xml">Calling .NET Constructors</a>
      </p>
      <p>
         <a class="bodylink"
            href="../extensibility/dotnetextensions/instance-methods.net.xml">Calling .NET Instance-Level Methods</a>
      </p>
      <p>
         <a class="bodylink" href="../extensibility/dotnetextensions/staticmethods.net.xml">Calling Static Methods in a .NET Class</a>
      </p>
      <p>
         <a class="bodylink" href="../configuration/config-interfaces/config-dotnet.xml">Configuration using the .NET API</a>
      </p>
      <p>
         <a class="bodylink" href="../extensibility/converting-args.net.xml">Converting Arguments to .NET Extension Functions</a>
      </p>
      <p>
         <a class="bodylink" href="../extensibility/function-result.net.xml">Converting the Result of a .NET Extension Function</a>
      </p>
      <p>
         <a class="bodylink"
            href="../extensibility/converting-args.net/converting-wrapped-dotnet.xml">Converting Wrapped .NET Objects</a>
      </p>
      <p>
         <a class="bodylink" href="../samples/dotnetsamples.xml">Example applications for .NET</a>
      </p>
      <p>
         <a class="bodylink" href="../about/gettingstarted/gettingstarteddotnet.xml">Getting started with Saxon on the .NET platform</a>
      </p>
      <p>
         <a class="bodylink" href="../about/installationdotnet.xml">Installation: .NET platform</a>
      </p>
      <p>
         <a class="bodylink" href="../changes/intro/dot-net-install-93.xml">Installation on .NET</a>
      </p>
      <p>
         <a class="bodylink" href="../about/installationdotnet.xml">Prerequisites: .NET platform</a>
      </p>
      <p>
         <a class="bodylink" href="../dotnet/dotnetapi.xml">Saxon API for .NET</a>
      </p>
      <p>
         <a class="bodylink" href="../changes/intro92/dotnet92.xml">Saxon on .NET</a>
      </p>
      <p>
         <a class="bodylink" href="../changes/intro91/dotnet91.xml">Saxon on .NET</a>
      </p>
      <p>
         <a class="bodylink" href="../conditions/redistributed.xml">Saxon on .NET</a>
      </p>
      <p>
         <a class="bodylink" href="../dotnet/intro.xml">Saxon on .NET</a>
      </p>
      <p>
         <a class="bodylink" href="../changes/intro/dot-net-93.xml">Saxon on .NET changes</a>
      </p>
      <p>
         <a class="bodylink" href="../changes/s90/oldapi90.xml">The .NET API</a>
      </p>
      <p>
         <a class="bodylink" href="../using-xsl/embedding.xml">The Saxon.Api interface (.NET)</a>
      </p>
      <p>
         <a class="bodylink" href="../extensibility/dotnetextensions.xml">Tips for Dynamic Loading in .NET"</a>
      </p>
      <p>
         <a class="bodylink" href="../extensibility/dotnetextensions.xml">Writing reflexive extension functions for .NET</a>
      </p>
      <p>
         <a class="bodylink" href="../dotnet/xmlparsing.xml">XML Parsing in .NET</a>
      </p>
      <table width="100%">
         <tr>
            <td>
               <p align="right"><a class="nav" href="_1.xml">Next</a></p>
            </td>
         </tr>
      </table>
   </body>
</html>