<?xml version="1.0" encoding="iso-8859-1"?>
<?xml-stylesheet href="../make-menu.xsl" type="text/xsl"?><html>
   <head>
      <this-is section="index-entries" page="_1" subpage=""/>
      <!--
           Generated at 2010-10-29T18:20:48.427+01:00--><title>Saxonica: XSLT and XQuery Processing: 1</title>
      <meta name="coverage" content="Worldwide"/>
      <meta name="copyright" content="Copyright Saxonica Ltd"/>
      <meta name="title" content="Saxonica: XSLT and XQuery Processing: 1"/>
      <meta name="robots" content="noindex,nofollow"/>
      <link rel="stylesheet" href="../saxondocs.css" type="text/css"/>
   </head>
   <body class="main">
      <h1>1</h1>
      <p class="subhead">1.0</p>
      <p>
         <a class="bodylink" href="../changes/intro92/xsd92.xml">XML Schema 1.0</a>
      </p>
      <p>
         <a class="bodylink" href="../changes/intro91/schema10support91.xml">XML Schema 1.0</a>
      </p>
      <p>
         <a class="bodylink" href="../conformance/schema.xml">XML Schema 1.0</a>
      </p>
      <p>
         <a class="bodylink" href="../changes/intro/xsd10-93.xml">XML Schema 1.0 changes</a>
      </p>
      <p>
         <a class="bodylink" href="../changes/intro/xpath20-93.xml">XPath 2.0 and XQuery 1.0 changes</a>
      </p>
      <p>
         <a class="bodylink" href="../changes/intro92/xquery1092.xml">XQuery 1.0</a>
      </p>
      <p>
         <a class="bodylink" href="../changes/intro91/xquery91.xml">XQuery 1.0</a>
      </p>
      <p>
         <a class="bodylink" href="../conformance/xquery.xml">XQuery 1.0 Conformance</a>
      </p>
      <p>
         <a class="bodylink" href="../conformance/update.xml">XQuery Update 1.0</a>
      </p>
      <p class="subhead">1.1</p>
      <p>
         <a class="bodylink" href="../schema-processing/schema11/misc-xsd11.xml">Miscellaneous XSD 1.1 Features</a>
      </p>
      <p>
         <a class="bodylink" href="../sourcedocs/xml11.xml">Saxon and XML 1.1</a>
      </p>
      <p>
         <a class="bodylink" href="../schema-processing/extensions11.xml">Saxon extensions to XML Schema 1.1</a>
      </p>
      <p>
         <a class="bodylink" href="../changes/intro92/xsd92.xml">XML Schema 1.1</a>
      </p>
      <p>
         <a class="bodylink" href="../changes/intro91/schema11support91.xml">XML Schema 1.1</a>
      </p>
      <p>
         <a class="bodylink" href="../schema-processing/schema11.xml">XML Schema 1.1</a>
      </p>
      <p>
         <a class="bodylink" href="../conformance/schema11.xml">XML Schema 1.1</a>
      </p>
      <p>
         <a class="bodylink" href="../changes/intro/xsd11-93.xml">XML Schema 1.1 changes</a>
      </p>
      <p>
         <a class="bodylink" href="../changes/intro92/xquery1192.xml">XQuery 1.1</a>
      </p>
      <table width="100%">
         <tr>
            <td>
               <p align="right"><a class="nav" href="_2.xml">Next</a></p>
            </td>
         </tr>
      </table>
   </body>
</html>