<?xml version="1.0" encoding="iso-8859-1"?>
<?xml-stylesheet href="../make-menu.xsl" type="text/xsl"?><html>
   <head>
      <this-is section="index-entries" page="_2" subpage=""/>
      <!--
           Generated at 2010-10-29T18:20:48.427+01:00--><title>Saxonica: XSLT and XQuery Processing: 2</title>
      <meta name="coverage" content="Worldwide"/>
      <meta name="copyright" content="Copyright Saxonica Ltd"/>
      <meta name="title" content="Saxonica: XSLT and XQuery Processing: 2"/>
      <meta name="robots" content="noindex,nofollow"/>
      <link rel="stylesheet" href="../saxondocs.css" type="text/css"/>
   </head>
   <body class="main">
      <h1>2</h1>
      <p class="subhead">2.0</p>
      <p>
         <a class="bodylink" href="../using-xsl/intro.xml">Using XSLT 2.0</a>
      </p>
      <p>
         <a class="bodylink" href="../using-xsl/intro.xml">Using XSLT 2.0 Stylesheets</a>
      </p>
      <p>
         <a class="bodylink" href="../changes/intro/xpath20-93.xml">XPath 2.0 and XQuery 1.0 changes</a>
      </p>
      <p>
         <a class="bodylink" href="../conformance/xpath20.xml">XPath 2.0 conformance</a>
      </p>
      <p>
         <a class="bodylink" href="../expressions/intro.xml">XPath 2.0 Expression Syntax</a>
      </p>
      <p>
         <a class="bodylink" href="../changes/intro91/xslt91.xml">XSLT 2.0</a>
      </p>
      <p>
         <a class="bodylink" href="../functions/intro.xml">XSLT 2.0 and XPath 2.0 Functions</a>
      </p>
      <p>
         <a class="bodylink" href="../functions/intro.xml">XSLT 2.0 and XPath 2.0 Functions</a>
      </p>
      <p>
         <a class="bodylink" href="../conformance/xslt20.xml">XSLT 2.0 conformance</a>
      </p>
      <p class="subhead">2007-11-03</p>
      <p>
         <a class="bodylink" href="../changes/s90.xml">Version 9.0 (2007-11-03)</a>
      </p>
      <p class="subhead">2008-07-02</p>
      <p>
         <a class="bodylink" href="../changes/intro91.xml">Version 9.1 (2008-07-02)</a>
      </p>
      <p class="subhead">2009-08-05</p>
      <p>
         <a class="bodylink" href="../changes/intro92.xml">Version 9.2 (2009-08-05)</a>
      </p>
      <p class="subhead">2010-10-30</p>
      <p>
         <a class="bodylink" href="../changes/intro.xml">Version 9.3 (2010-10-30)</a>
      </p>
      <table width="100%">
         <tr>
            <td>
               <p align="right"><a class="nav" href="_3.xml">Next</a></p>
            </td>
         </tr>
      </table>
   </body>
</html>