<?xml version="1.0" encoding="iso-8859-1"?>
<?xml-stylesheet href="../make-menu.xsl" type="text/xsl"?><html>
   <head>
      <this-is section="index-entries" page="_3" subpage=""/>
      <!--
           Generated at 2010-10-29T18:20:48.427+01:00--><title>Saxonica: XSLT and XQuery Processing: 3</title>
      <meta name="coverage" content="Worldwide"/>
      <meta name="copyright" content="Copyright Saxonica Ltd"/>
      <meta name="title" content="Saxonica: XSLT and XQuery Processing: 3"/>
      <meta name="robots" content="noindex,nofollow"/>
      <link rel="stylesheet" href="../saxondocs.css" type="text/css"/>
   </head>
   <body class="main">
      <h1>3</h1>
      <p class="subhead">3.0</p>
      <p>
         <a class="bodylink" href="../using-xquery/xquery11support/miscellaneous.xml">Miscellaneous XQuery 3.0 Features</a>
      </p>
      <p>
         <a class="bodylink" href="../expressions/xpath30new.xml">New features in XPath 3.0</a>
      </p>
      <p>
         <a class="bodylink" href="../changes/intro/xpath30-93.xml">XPath 3.0 changes</a>
      </p>
      <p>
         <a class="bodylink" href="../changes/intro/xquery30-93.xml">XQuery 3.0 and XQuery Update changes</a>
      </p>
      <p>
         <a class="bodylink" href="../using-xquery/xquery11support.xml">XQuery 3.0 Support</a>
      </p>
      <p>
         <a class="bodylink" href="../changes/intro/xslt30-93.xml">XSLT 3.0 changes</a>
      </p>
      <p>
         <a class="bodylink" href="../using-xsl/xslt30.xml">XSLT 3.0 functions</a>
      </p>
      <p>
         <a class="bodylink" href="../using-xsl/xslt30.xml">XSLT 3.0 Support</a>
      </p>
      <table width="100%">
         <tr>
            <td>
               <p align="right"><a class="nav" href="_9.xml">Next</a></p>
            </td>
         </tr>
      </table>
   </body>
</html>