<?xml version="1.0" encoding="iso-8859-1"?>
<?xml-stylesheet href="../make-menu.xsl" type="text/xsl"?><html>
   <head>
      <this-is section="index-entries" page="_9" subpage=""/>
      <!--
           Generated at 2010-10-29T18:20:48.427+01:00--><title>Saxonica: XSLT and XQuery Processing: 9</title>
      <meta name="coverage" content="Worldwide"/>
      <meta name="copyright" content="Copyright Saxonica Ltd"/>
      <meta name="title" content="Saxonica: XSLT and XQuery Processing: 9"/>
      <meta name="robots" content="noindex,nofollow"/>
      <link rel="stylesheet" href="../saxondocs.css" type="text/css"/>
   </head>
   <body class="main">
      <h1>9</h1>
      <p class="subhead">9.0</p>
      <p>
         <a class="bodylink" href="../changes/s90.xml">Version 9.0 (2007-11-03)</a>
      </p>
      <p class="subhead">9.1</p>
      <p>
         <a class="bodylink" href="../changes/intro91.xml">Version 9.1 (2008-07-02)</a>
      </p>
      <p class="subhead">9.2</p>
      <p>
         <a class="bodylink" href="../changes/intro92.xml">Version 9.2 (2009-08-05)</a>
      </p>
      <p class="subhead">9.3</p>
      <p>
         <a class="bodylink" href="../changes/intro.xml">Version 9.3 (2010-10-30)</a>
      </p>
      <table width="100%">
         <tr>
            <td>
               <p align="right"><a class="nav" href="_A.xml">Next</a></p>
            </td>
         </tr>
      </table>
   </body>
</html>