<?xml version="1.0" encoding="iso-8859-1"?>
<?xml-stylesheet href="../make-menu.xsl" type="text/xsl"?><html>
   <head>
      <this-is section="configuration" page="intro" subpage=""/>
      <!--
           Generated at 2010-10-29T18:20:48.427+01:00--><title>Saxonica: XSLT and XQuery Processing: Saxon Configuration</title>
      <meta name="coverage" content="Worldwide"/>
      <meta name="copyright" content="Copyright Saxonica Ltd"/>
      <meta name="title"
            content="Saxonica: XSLT and XQuery Processing: Saxon Configuration"/>
      <meta name="robots" content="noindex,nofollow"/>
      <link rel="stylesheet" href="../saxondocs.css" type="text/css"/>
   </head>
   <body class="main">
      <h1>Saxon Configuration</h1>
      <p>There are many parameters and options that can be set to control the way in which Saxon behaves, and there
      are many different ways these parameters and options can be set. This section of the documentation brings
      this information together in one place.</p>
      <ul>
         <li>
            <p><a class="bodylink" href="config-interfaces.xml">Configuration interfaces</a></p>
         </li>
         <li>
            <p><a class="bodylink" href="configuration-file.xml">The Saxon configuration file</a></p>
         </li>
         <li>
            <p><a class="bodylink" href="config-features.xml">Configuration Features</a></p>
         </li>
      </ul>
      <table width="100%">
         <tr>
            <td>
               <p align="right"><a class="nav" href="config-interfaces.xml">Next</a></p>
            </td>
         </tr>
      </table>
   </body>
</html>