<?xml version="1.0" encoding="iso-8859-1"?>
<?xml-stylesheet href="../../make-menu.xsl" type="text/xsl"?><html>
   <head>
      <this-is section="extensions" page="output-extras" subpage="indent-spaces"/>
      <!--
           Generated at 2010-10-29T18:20:48.427+01:00--><title>Saxonica: XSLT and XQuery Processing: The saxon:indent-spaces attribute</title>
      <meta name="coverage" content="Worldwide"/>
      <meta name="copyright" content="Copyright Saxonica Ltd"/>
      <meta name="title"
            content="Saxonica: XSLT and XQuery Processing: The saxon:indent-spaces attribute"/>
      <meta name="robots" content="noindex,nofollow"/>
      <link rel="stylesheet" href="../../saxondocs.css" type="text/css"/>
   </head>
   <body class="main">
      <h1>The saxon:indent-spaces attribute</h1>
      <p>When the output method is XML, HTML, or XHTML with <code>indent="yes"</code>, the <code>saxon:indent-spaces</code> attribute may
be used to control the amount of indentation. The value must be an integer. The default value in the absence of this
attribute is 3.</p>
      <table width="100%">
         <tr>
            <td>
               <p align="right"><a class="nav" href="line-length.xml">Next</a></p>
            </td>
         </tr>
      </table>
   </body>
</html>