<?xml version="1.0" encoding="iso-8859-1"?>
<?xml-stylesheet href="../../make-menu.xsl" type="text/xsl"?><html>
   <head>
      <this-is section="extensions" page="output-extras" subpage="line-length"/>
      <!--
           Generated at 2010-10-29T18:20:48.427+01:00--><title>Saxonica: XSLT and XQuery Processing: The saxon:line-length attribute</title>
      <meta name="coverage" content="Worldwide"/>
      <meta name="copyright" content="Copyright Saxonica Ltd"/>
      <meta name="title"
            content="Saxonica: XSLT and XQuery Processing: The saxon:line-length attribute"/>
      <meta name="robots" content="noindex,nofollow"/>
      <link rel="stylesheet" href="../../saxondocs.css" type="text/css"/>
   </head>
   <body class="main">
      <h1>The saxon:line-length attribute</h1>
      <p>The value of <code>saxon:line-length</code> is an integer, with default value 80.
With both the HTML and XML output methods, attributes are output on a new line if they would otherwise extend beyond this
column position. With the HTML output method, furthermore, text lines are split at this line length when possible. In 
releases 9.2 and earlier, the HTML output method attempted to split lines that exceeded 120 characters in length.</p>
      <table width="100%">
         <tr>
            <td>
               <p align="right"><a class="nav" href="next-in-chain.xml">Next</a></p>
            </td>
         </tr>
      </table>
   </body>
</html>