<?xml version="1.0" encoding="iso-8859-1"?>
<?xml-stylesheet href="../make-menu.xsl" type="text/xsl"?><html>
   <head>
      <this-is section="expressions" page="arithmetic" subpage=""/>
      <!--
           Generated at 2010-10-29T18:20:48.427+01:00--><title>Saxonica: XSLT and XQuery Processing: Arithmetic expressions</title>
      <meta name="coverage" content="Worldwide"/>
      <meta name="copyright" content="Copyright Saxonica Ltd"/>
      <meta name="title"
            content="Saxonica: XSLT and XQuery Processing: Arithmetic expressions"/>
      <meta name="robots" content="noindex,nofollow"/>
      <link rel="stylesheet" href="../saxondocs.css" type="text/css"/>
   </head>
   <body class="main">
      <h1>Arithmetic expressions</h1>
      <ul>
         <li>
            <p><a class="bodylink" href="arithmetic/unary.xml">Unary plus and minus</a></p>
         </li>
         <li>
            <p><a class="bodylink" href="arithmetic/multiplication.xml">Multiplication and division</a></p>
         </li>
         <li>
            <p><a class="bodylink" href="arithmetic/addition.xml">Addition and subtraction</a></p>
         </li>
      </ul>
      <table width="100%">
         <tr>
            <td>
               <p align="right"><a class="nav" href="arithmetic/unary.xml">Next</a></p>
            </td>
         </tr>
      </table>
   </body>
</html>