<?xml version="1.0" encoding="iso-8859-1"?>
<?xml-stylesheet href="../../make-menu.xsl" type="text/xsl"?><html>
   <head>
      <this-is section="changes" page="intro91" subpage="highlights91"/>
      <!--
           Generated at 2010-10-29T18:20:48.427+01:00--><title>Saxonica: XSLT and XQuery Processing: Highlights</title>
      <meta name="coverage" content="Worldwide"/>
      <meta name="copyright" content="Copyright Saxonica Ltd"/>
      <meta name="title" content="Saxonica: XSLT and XQuery Processing: Highlights"/>
      <meta name="robots" content="noindex,nofollow"/>
      <link rel="stylesheet" href="../../saxondocs.css" type="text/css"/>
   </head>
   <body class="main">
      <h1>Highlights</h1>
      <p>This page lists some of the most important new features introduced in Saxon 9.1.</p>
      <p>The following apply to Saxon-SA only:</p>
      <ol>
         <li content="para">
            <p>Streaming extensions: more streaming capabilities in XSLT, and
addition of streaming capabilities to XQuery.</p>
         </li>
         <li content="para">
            <p>XQuery Updates: Saxon now implements the (draft) XQuery Updates specification.</p>
         </li>
         <li content="para">
            <p>XML Schema 1.1 support: Saxon 9.1 implements many of the more significant features from the draft XML Schema 1.1 specifications,
including Assertions, Conditional Type Assignment (co-occurrence constraints), and <code>xs:all</code> groups with flexible occurrence limits.</p>
         </li>
         <li content="para">
            <p>Schema implementation now uses counters</p>
         </li>
      </ol>
      <p>In Saxon-B, the most significant feature is probably support for the latest (almost-final) draft of the
XQJ specifications (Java API for XQuery).</p>
      <table width="100%">
         <tr>
            <td>
               <p align="right"><a class="nav" href="xqupdate91.xml">Next</a></p>
            </td>
         </tr>
      </table>
   </body>
</html>