<?xml version="1.0" encoding="iso-8859-1"?>
<?xml-stylesheet href="../../make-menu.xsl" type="text/xsl"?><html>
   <head>
      <this-is section="extensions" page="instructions" subpage="continue"/>
      <!--
           Generated at 2010-10-29T18:20:48.427+01:00--><title>Saxonica: XSLT and XQuery Processing: saxon:continue</title>
      <meta name="coverage" content="Worldwide"/>
      <meta name="copyright" content="Copyright Saxonica Ltd"/>
      <meta name="title" content="Saxonica: XSLT and XQuery Processing: saxon:continue"/>
      <meta name="robots" content="noindex,nofollow"/>
      <link rel="stylesheet" href="../../saxondocs.css" type="text/css"/>
   </head>
   <body class="main">
      <h1>saxon:continue</h1>
      <p>A <code>saxon:continue</code> instruction causes continuation of a loop defined using
<a class="bodylink" href="../../extensions/instructions/iterate.xml">saxon:iterate</a>. The instruction must appear lexically within
the <code>saxon:iterate</code> element.</p>
      <p>Typically the instruction will contain a number of <code>xsl:with-param</code> elements defining
new values for the loop iteration parameters.</p>
      <p>For further details and examples see <a class="bodylink" href="../../extensions/instructions/iterate.xml">saxon:iterate</a>.</p>
      <p><i>This instruction is available in Saxon-EE only</i></p>
      <table width="100%">
         <tr>
            <td>
               <p align="right"><a class="nav" href="doctype.xml">Next</a></p>
            </td>
         </tr>
      </table>
   </body>
</html>