<?xml version="1.0" encoding="iso-8859-1"?>
<?xml-stylesheet href="../../make-menu.xsl" type="text/xsl"?><html>
   <head>
      <this-is section="changes" page="intro" subpage="dot-net-install-93"/>
      <!--
           Generated at 2010-10-29T18:20:48.427+01:00--><title>Saxonica: XSLT and XQuery Processing: Installation on .NET</title>
      <meta name="coverage" content="Worldwide"/>
      <meta name="copyright" content="Copyright Saxonica Ltd"/>
      <meta name="title"
            content="Saxonica: XSLT and XQuery Processing: Installation on .NET"/>
      <meta name="robots" content="noindex,nofollow"/>
      <link rel="stylesheet" href="../../saxondocs.css" type="text/css"/>
   </head>
   <body class="main">
      <h1>Installation on .NET</h1>
      <p>Saxon on .NET now comes with an installer. The downloaded file is an executable which installs the product
    into a user-selected directory. It also installs the relevant DLLs in the Global Assembly Cache, and
    creates some entries in the Windows registry, notably the path name of the directory where the software
    is installed. This registry entry is used when locating the license file for Saxon-PE and Saxon-EE,
    replacing the previous mechanism which used the <code>SAXON_HOME</code> environment variable.</p>
      <p>License keys issued for Saxon-SA 9.1 and earlier on .NET, with the filename <code>saxon-license.xml</code>, are no longer
    recognized. If you have such a license key that is still valid for new software releases, please contact Saxonica for a replacement
    in the <code>saxon-license.lic</code> format.</p>
      <table width="100%">
         <tr>
            <td>
               <p align="right"><a class="nav" href="command-line-93.xml">Next</a></p>
            </td>
         </tr>
      </table>
   </body>
</html>