<?xml version="1.0" encoding="iso-8859-1"?>
<?xml-stylesheet href="../make-menu.xsl" type="text/xsl"?><html>
   <head>
      <this-is section="about" page="gettingstarted" subpage=""/>
      <!--
           Generated at 2010-10-29T18:20:48.427+01:00--><title>Saxonica: XSLT and XQuery Processing: Getting Started</title>
      <meta name="coverage" content="Worldwide"/>
      <meta name="copyright" content="Copyright Saxonica Ltd"/>
      <meta name="title" content="Saxonica: XSLT and XQuery Processing: Getting Started"/>
      <meta name="robots" content="noindex,nofollow"/>
      <link rel="stylesheet" href="../saxondocs.css" type="text/css"/>
   </head>
   <body class="main">
      <h1>Getting Started</h1>
      <p>If you are new to Saxon, or to Java, or to XML, XSLT, and XQuery, this section provides
 a quick checklist of the things you need to do before you can run your first application.</p>
      <p>First decide which platform you want to use. If you already use either the Java or .NET
platform, it's simplest to use the platform you are familiar with. If you don't use either
of these platforms, we recommend starting with Java as Saxon has been available on Java for longer
and this version is therefore better integrated and better documented. If you currently use both,
then the choice largely depends on what language you want to use to write your own applications.</p>
      <ul>
         <li>
            <p><a class="bodylink" href="gettingstarted/gettingstartedjava.xml">Getting started with Saxon on the Java platform</a></p>
         </li>
         <li>
            <p><a class="bodylink" href="gettingstarted/gettingstarteddotnet.xml">Getting started with Saxon on the .NET platform</a></p>
         </li>
      </ul>
      <table width="100%">
         <tr>
            <td>
               <p align="right"><a class="nav" href="gettingstarted/gettingstartedjava.xml">Next</a></p>
            </td>
         </tr>
      </table>
   </body>
</html>